Sr No._x,Reference No (URN),Journal Date,Date of Purchase,Date of Expiry,Name of the Purchaser,Prefix,Bond Number,Denominations_x,Issue Branch Code,Issue Teller,Status,Sr No._y,Date of Encashment ,Name of the Political Party,Account no. of Political Party,Denominations_y,Pay Branch Code,Pay Teller
1,1.20E+18,12-Apr-19,12-Apr-19,26-Apr-19,A B C INDIA LIMITED,TL,11448,1000000,1,5899230,Paid,2766,25-Apr-19,BHARATIYA JANATA PARTY,*******8244,1000000,691,3300196
2,1.20E+18,12-Apr-19,12-Apr-19,26-Apr-19,A B C INDIA LIMITED,TL,11447,1000000,1,5899230,Paid,2767,25-Apr-19,BHARATIYA JANATA PARTY,*******8244,1000000,691,3300196
3,1.20E+18,12-Apr-19,12-Apr-19,26-Apr-19,A B C INDIA LIMITED,TL,11441,1000000,1,5899230,Paid,2768,25-Apr-19,BHARATIYA JANATA PARTY,*******8244,1000000,691,3300196
4,1.20E+18,12-Apr-19,12-Apr-19,26-Apr-19,A B C INDIA LIMITED,OL,1113,100000,1,5899230,Paid,2807,25-Apr-19,BHARATIYA JANATA PARTY,*******8244,100000,691,3300196
5,1.20E+18,12-Apr-19,12-Apr-19,26-Apr-19,A B C INDIA LIMITED,OL,1118,100000,1,5899230,Paid,2808,25-Apr-19,BHARATIYA JANATA PARTY,*******8244,100000,691,3300196
6,1.20E+18,12-Apr-19,12-Apr-19,26-Apr-19,A B C INDIA LIMITED,OL,1112,100000,1,5899230,Paid,2809,25-Apr-19,BHARATIYA JANATA PARTY,*******8244,100000,691,3300196
7,1.20E+18,12-Apr-19,12-Apr-19,26-Apr-19,A B C INDIA LIMITED,OL,1115,100000,1,5899230,Paid,2810,25-Apr-19,BHARATIYA JANATA PARTY,*******8244,100000,691,3300196
8,1.20E+18,12-Apr-19,12-Apr-19,26-Apr-19,A B C INDIA LIMITED,OL,1119,100000,1,5899230,Paid,2811,25-Apr-19,BHARATIYA JANATA PARTY,*******8244,100000,691,3300196
9,1.20E+18,12-Apr-19,12-Apr-19,26-Apr-19,A B C INDIA LIMITED,OL,1110,100000,1,5899230,Paid,2812,25-Apr-19,BHARATIYA JANATA PARTY,*******8244,100000,691,3300196
10,1.20E+18,12-Apr-19,12-Apr-19,26-Apr-19,A B C INDIA LIMITED,OL,1111,100000,1,5899230,Paid,2813,25-Apr-19,BHARATIYA JANATA PARTY,*******8244,100000,691,3300196
11,1.20E+18,12-Apr-19,12-Apr-19,26-Apr-19,A B C INDIA LIMITED,OL,1106,100000,1,5899230,Paid,2814,25-Apr-19,BHARATIYA JANATA PARTY,*******8244,100000,691,3300196
12,1.20E+18,12-Apr-19,12-Apr-19,26-Apr-19,A B C INDIA LIMITED,OL,1114,100000,1,5899230,Paid,2815,25-Apr-19,BHARATIYA JANATA PARTY,*******8244,100000,691,3300196
13,1.20E+18,12-Apr-19,12-Apr-19,26-Apr-19,A B C INDIA LIMITED,OL,1117,100000,1,5899230,Paid,2816,25-Apr-19,BHARATIYA JANATA PARTY,*******8244,100000,691,3300196
14,1.20E+18,12-Apr-19,12-Apr-19,26-Apr-19,ACROPOLIS MAINTENANCE SERVICES PRIVATE LIMITED,TL,11556,1000000,1,5899230,Paid,2249,22-Apr-19,ALL INDIA TRINAMOOL CONGRESS,*******0688,1000000,1,3476510
15,1.20E+18,12-Apr-19,12-Apr-19,26-Apr-19,ACROPOLIS MAINTENANCE SERVICES PRIVATE LIMITED,TL,11555,1000000,1,5899230,Paid,2250,22-Apr-19,ALL INDIA TRINAMOOL CONGRESS,*******0688,1000000,1,3476510
16,1.20E+18,12-Apr-19,12-Apr-19,26-Apr-19,ACROPOLIS MAINTENANCE SERVICES PRIVATE LIMITED,OL,1125,100000,1,5899230,Paid,2258,22-Apr-19,ALL INDIA TRINAMOOL CONGRESS,*******0688,100000,1,3476510
17,1.20E+18,12-Apr-19,12-Apr-19,26-Apr-19,ACROPOLIS MAINTENANCE SERVICES PRIVATE LIMITED,OL,1129,100000,1,5899230,Paid,2259,22-Apr-19,ALL INDIA TRINAMOOL CONGRESS,*******0688,100000,1,3476510
18,1.20E+18,12-Apr-19,12-Apr-19,26-Apr-19,ACROPOLIS MAINTENANCE SERVICES PRIVATE LIMITED,OL,1124,100000,1,5899230,Paid,2260,22-Apr-19,ALL INDIA TRINAMOOL CONGRESS,*******0688,100000,1,3476510
19,1.20E+18,12-Apr-19,12-Apr-19,26-Apr-19,ACROPOLIS MAINTENANCE SERVICES PRIVATE LIMITED,OL,1128,100000,1,5899230,Paid,2261,22-Apr-19,ALL INDIA TRINAMOOL CONGRESS,*******0688,100000,1,3476510
20,1.20E+18,12-Apr-19,12-Apr-19,26-Apr-19,ACROPOLIS MAINTENANCE SERVICES PRIVATE LIMITED,OL,1126,100000,1,5899230,Paid,2262,22-Apr-19,ALL INDIA TRINAMOOL CONGRESS,*******0688,100000,1,3476510
21,1.20E+18,12-Apr-19,12-Apr-19,26-Apr-19,ARIHANT ENTERPRISES,TL,11551,1000000,1,5899230,Paid,2015,20-Apr-19,BHARATIYA JANATA PARTY,*******8244,1000000,691,2039265
22,1.20E+18,12-Apr-19,12-Apr-19,26-Apr-19,ARIHANT ENTERPRISES,TL,11554,1000000,1,5899230,Paid,2016,20-Apr-19,BHARATIYA JANATA PARTY,*******8244,1000000,691,2039265
23,1.20E+18,12-Apr-19,12-Apr-19,26-Apr-19,ARIHANT ENTERPRISES,TL,11553,1000000,1,5899230,Paid,2017,20-Apr-19,BHARATIYA JANATA PARTY,*******8244,1000000,691,2039265
24,1.20E+18,12-Apr-19,12-Apr-19,26-Apr-19,ARIHANT ENTERPRISES,TL,11552,1000000,1,5899230,Paid,2018,20-Apr-19,BHARATIYA JANATA PARTY,*******8244,1000000,691,2039265
25,3.00E+20,12-Apr-19,12-Apr-19,26-Apr-19,CHOUDHARY GARMENTS,TL,12904,1000000,300,4180496,Paid,1998,20-Apr-19,BHARATIYA JANATA PARTY,*******8244,1000000,691,2039265
26,3.00E+20,12-Apr-19,12-Apr-19,26-Apr-19,CHOUDHARY GARMENTS,TL,12902,1000000,300,4180496,Paid,1999,20-Apr-19,BHARATIYA JANATA PARTY,*******8244,1000000,691,2039265
27,1.20E+18,12-Apr-19,12-Apr-19,26-Apr-19,ESSEL MINING AND INDS LTD,OC,6297,10000000,1,5899230,Paid,1867,20-Apr-19,BHARATIYA JANATA PARTY,*******8244,10000000,691,2039265
28,1.20E+18,12-Apr-19,12-Apr-19,26-Apr-19,ESSEL MINING AND INDS LTD,OC,6275,10000000,1,5899230,Paid,1868,20-Apr-19,BHARATIYA JANATA PARTY,*******8244,10000000,691,2039265
29,1.20E+18,12-Apr-19,12-Apr-19,26-Apr-19,ESSEL MINING AND INDS LTD,OC,6261,10000000,1,5899230,Paid,1869,20-Apr-19,BHARATIYA JANATA PARTY,*******8244,10000000,691,2039265
30,1.20E+18,12-Apr-19,12-Apr-19,26-Apr-19,ESSEL MINING AND INDS LTD,OC,6278,10000000,1,5899230,Paid,1870,20-Apr-19,BHARATIYA JANATA PARTY,*******8244,10000000,691,2039265
31,1.20E+18,12-Apr-19,12-Apr-19,26-Apr-19,ESSEL MINING AND INDS LTD,OC,6262,10000000,1,5899230,Paid,1871,20-Apr-19,BHARATIYA JANATA PARTY,*******8244,10000000,691,2039265
32,1.20E+18,12-Apr-19,12-Apr-19,26-Apr-19,ESSEL MINING AND INDS LTD,OC,6274,10000000,1,5899230,Paid,1872,20-Apr-19,BHARATIYA JANATA PARTY,*******8244,10000000,691,2039265
33,1.20E+18,12-Apr-19,12-Apr-19,26-Apr-19,ESSEL MINING AND INDS LTD,OC,6257,10000000,1,5899230,Paid,1873,20-Apr-19,BHARATIYA JANATA PARTY,*******8244,10000000,691,2039265
34,1.20E+18,12-Apr-19,12-Apr-19,26-Apr-19,ESSEL MINING AND INDS LTD,OC,6273,10000000,1,5899230,Paid,1874,20-Apr-19,BHARATIYA JANATA PARTY,*******8244,10000000,691,2039265
35,1.20E+18,12-Apr-19,12-Apr-19,26-Apr-19,ESSEL MINING AND INDS LTD,OC,6272,10000000,1,5899230,Paid,1875,20-Apr-19,BHARATIYA JANATA PARTY,*******8244,10000000,691,2039265
36,1.20E+18,12-Apr-19,12-Apr-19,26-Apr-19,ESSEL MINING AND INDS LTD,OC,6280,10000000,1,5899230,Paid,1876,20-Apr-19,BHARATIYA JANATA PARTY,*******8244,10000000,691,2039265
37,1.20E+18,12-Apr-19,12-Apr-19,26-Apr-19,ESSEL MINING AND INDS LTD,OC,6251,10000000,1,5899230,Paid,1877,20-Apr-19,BHARATIYA JANATA PARTY,*******8244,10000000,691,2039265
38,1.20E+18,12-Apr-19,12-Apr-19,26-Apr-19,ESSEL MINING AND INDS LTD,OC,4597,10000000,1,5899230,Paid,1878,20-Apr-19,BHARATIYA JANATA PARTY,*******8244,10000000,691,2039265
39,1.20E+18,12-Apr-19,12-Apr-19,26-Apr-19,ESSEL MINING AND INDS LTD,OC,6279,10000000,1,5899230,Paid,1879,20-Apr-19,BHARATIYA JANATA PARTY,*******8244,10000000,691,2039265
40,1.20E+18,12-Apr-19,12-Apr-19,26-Apr-19,ESSEL MINING AND INDS LTD,OC,6296,10000000,1,5899230,Paid,1880,20-Apr-19,BHARATIYA JANATA PARTY,*******8244,10000000,691,2039265
41,1.20E+18,12-Apr-19,12-Apr-19,26-Apr-19,ESSEL MINING AND INDS LTD,OC,6256,10000000,1,5899230,Paid,1881,20-Apr-19,BHARATIYA JANATA PARTY,*******8244,10000000,691,2039265
42,1.20E+18,12-Apr-19,12-Apr-19,26-Apr-19,ESSEL MINING AND INDS LTD,OC,6286,10000000,1,5899230,Paid,1882,20-Apr-19,BHARATIYA JANATA PARTY,*******8244,10000000,691,2039265
43,1.20E+18,12-Apr-19,12-Apr-19,26-Apr-19,ESSEL MINING AND INDS LTD,OC,6298,10000000,1,5899230,Paid,1883,20-Apr-19,BHARATIYA JANATA PARTY,*******8244,10000000,691,2039265
44,1.20E+18,12-Apr-19,12-Apr-19,26-Apr-19,ESSEL MINING AND INDS LTD,OC,6267,10000000,1,5899230,Paid,1884,20-Apr-19,BHARATIYA JANATA PARTY,*******8244,10000000,691,2039265
45,1.20E+18,12-Apr-19,12-Apr-19,26-Apr-19,ESSEL MINING AND INDS LTD,OC,4632,10000000,1,5899230,Paid,1885,20-Apr-19,BHARATIYA JANATA PARTY,*******8244,10000000,691,2039265
46,1.20E+18,12-Apr-19,12-Apr-19,26-Apr-19,ESSEL MINING AND INDS LTD,OC,6284,10000000,1,5899230,Paid,1886,20-Apr-19,BHARATIYA JANATA PARTY,*******8244,10000000,691,2039265
47,1.20E+18,12-Apr-19,12-Apr-19,26-Apr-19,ESSEL MINING AND INDS LTD,OC,6254,10000000,1,5899230,Paid,1887,20-Apr-19,BHARATIYA JANATA PARTY,*******8244,10000000,691,2039265
48,1.20E+18,12-Apr-19,12-Apr-19,26-Apr-19,ESSEL MINING AND INDS LTD,OC,6292,10000000,1,5899230,Paid,1888,20-Apr-19,BHARATIYA JANATA PARTY,*******8244,10000000,691,2039265
49,1.20E+18,12-Apr-19,12-Apr-19,26-Apr-19,ESSEL MINING AND INDS LTD,OC,6268,10000000,1,5899230,Paid,1889,20-Apr-19,BHARATIYA JANATA PARTY,*******8244,10000000,691,2039265
50,1.20E+18,12-Apr-19,12-Apr-19,26-Apr-19,ESSEL MINING AND INDS LTD,OC,6258,10000000,1,5899230,Paid,1890,20-Apr-19,BHARATIYA JANATA PARTY,*******8244,10000000,691,2039265
51,1.20E+18,12-Apr-19,12-Apr-19,26-Apr-19,ESSEL MINING AND INDS LTD,OC,6253,10000000,1,5899230,Paid,1891,20-Apr-19,BHARATIYA JANATA PARTY,*******8244,10000000,691,2039265
52,1.20E+18,12-Apr-19,12-Apr-19,26-Apr-19,ESSEL MINING AND INDS LTD,OC,6293,10000000,1,5899230,Paid,1892,20-Apr-19,BHARATIYA JANATA PARTY,*******8244,10000000,691,2039265
53,1.20E+18,12-Apr-19,12-Apr-19,26-Apr-19,ESSEL MINING AND INDS LTD,OC,6281,10000000,1,5899230,Paid,1893,20-Apr-19,BHARATIYA JANATA PARTY,*******8244,10000000,691,2039265
54,1.20E+18,12-Apr-19,12-Apr-19,26-Apr-19,ESSEL MINING AND INDS LTD,OC,6264,10000000,1,5899230,Paid,1894,20-Apr-19,BHARATIYA JANATA PARTY,*******8244,10000000,691,2039265
55,1.20E+18,12-Apr-19,12-Apr-19,26-Apr-19,ESSEL MINING AND INDS LTD,OC,6288,10000000,1,5899230,Paid,1895,20-Apr-19,BHARATIYA JANATA PARTY,*******8244,10000000,691,2039265
56,1.20E+18,12-Apr-19,12-Apr-19,26-Apr-19,ESSEL MINING AND INDS LTD,OC,6300,10000000,1,5899230,Paid,1896,20-Apr-19,BHARATIYA JANATA PARTY,*******8244,10000000,691,2039265
57,1.20E+18,12-Apr-19,12-Apr-19,26-Apr-19,ESSEL MINING AND INDS LTD,OC,6269,10000000,1,5899230,Paid,1897,20-Apr-19,BHARATIYA JANATA PARTY,*******8244,10000000,691,2039265
58,1.20E+18,12-Apr-19,12-Apr-19,26-Apr-19,ESSEL MINING AND INDS LTD,OC,4598,10000000,1,5899230,Paid,1898,20-Apr-19,BHARATIYA JANATA PARTY,*******8244,10000000,691,2039265
59,1.20E+18,12-Apr-19,12-Apr-19,26-Apr-19,ESSEL MINING AND INDS LTD,OC,6263,10000000,1,5899230,Paid,1899,20-Apr-19,BHARATIYA JANATA PARTY,*******8244,10000000,691,2039265
60,1.20E+18,12-Apr-19,12-Apr-19,26-Apr-19,ESSEL MINING AND INDS LTD,OC,6270,10000000,1,5899230,Paid,1900,20-Apr-19,BHARATIYA JANATA PARTY,*******8244,10000000,691,2039265
61,1.20E+18,12-Apr-19,12-Apr-19,26-Apr-19,ESSEL MINING AND INDS LTD,OC,6283,10000000,1,5899230,Paid,1901,20-Apr-19,BHARATIYA JANATA PARTY,*******8244,10000000,691,2039265
62,1.20E+18,12-Apr-19,12-Apr-19,26-Apr-19,ESSEL MINING AND INDS LTD,OC,6299,10000000,1,5899230,Paid,1902,20-Apr-19,BHARATIYA JANATA PARTY,*******8244,10000000,691,2039265
63,1.20E+18,12-Apr-19,12-Apr-19,26-Apr-19,ESSEL MINING AND INDS LTD,OC,6271,10000000,1,5899230,Paid,1903,20-Apr-19,BHARATIYA JANATA PARTY,*******8244,10000000,691,2039265
64,1.20E+18,12-Apr-19,12-Apr-19,26-Apr-19,ESSEL MINING AND INDS LTD,OC,6252,10000000,1,5899230,Paid,1904,20-Apr-19,BHARATIYA JANATA PARTY,*******8244,10000000,691,2039265
65,1.20E+18,12-Apr-19,12-Apr-19,26-Apr-19,ESSEL MINING AND INDS LTD,OC,6282,10000000,1,5899230,Paid,1905,20-Apr-19,BHARATIYA JANATA PARTY,*******8244,10000000,691,2039265
66,1.20E+18,12-Apr-19,12-Apr-19,26-Apr-19,ESSEL MINING AND INDS LTD,OC,6259,10000000,1,5899230,Paid,1906,20-Apr-19,BHARATIYA JANATA PARTY,*******8244,10000000,691,2039265
67,1.20E+18,12-Apr-19,12-Apr-19,26-Apr-19,ESSEL MINING AND INDS LTD,OC,6295,10000000,1,5899230,Paid,1907,20-Apr-19,BHARATIYA JANATA PARTY,*******8244,10000000,691,2039265
68,1.20E+18,12-Apr-19,12-Apr-19,26-Apr-19,ESSEL MINING AND INDS LTD,OC,6260,10000000,1,5899230,Paid,1908,20-Apr-19,BHARATIYA JANATA PARTY,*******8244,10000000,691,2039265
69,1.20E+18,12-Apr-19,12-Apr-19,26-Apr-19,ESSEL MINING AND INDS LTD,OC,6255,10000000,1,5899230,Paid,1909,20-Apr-19,BHARATIYA JANATA PARTY,*******8244,10000000,691,2039265
70,1.20E+18,12-Apr-19,12-Apr-19,26-Apr-19,ESSEL MINING AND INDS LTD,OC,6265,10000000,1,5899230,Paid,1910,20-Apr-19,BHARATIYA JANATA PARTY,*******8244,10000000,691,2039265
71,1.20E+18,12-Apr-19,12-Apr-19,26-Apr-19,ESSEL MINING AND INDS LTD,OC,6285,10000000,1,5899230,Paid,1911,20-Apr-19,BHARATIYA JANATA PARTY,*******8244,10000000,691,2039265
72,1.20E+18,12-Apr-19,12-Apr-19,26-Apr-19,ESSEL MINING AND INDS LTD,OC,6289,10000000,1,5899230,Paid,1912,20-Apr-19,BHARATIYA JANATA PARTY,*******8244,10000000,691,2039265
73,1.20E+18,12-Apr-19,12-Apr-19,26-Apr-19,ESSEL MINING AND INDS LTD,OC,6291,10000000,1,5899230,Paid,1913,20-Apr-19,BHARATIYA JANATA PARTY,*******8244,10000000,691,2039265
74,1.20E+18,12-Apr-19,12-Apr-19,26-Apr-19,ESSEL MINING AND INDS LTD,OC,6294,10000000,1,5899230,Paid,1914,20-Apr-19,BHARATIYA JANATA PARTY,*******8244,10000000,691,2039265
75,1.20E+18,12-Apr-19,12-Apr-19,26-Apr-19,ESSEL MINING AND INDS LTD,OC,6287,10000000,1,5899230,Paid,1915,20-Apr-19,BHARATIYA JANATA PARTY,*******8244,10000000,691,2039265
76,1.20E+18,12-Apr-19,12-Apr-19,26-Apr-19,ESSEL MINING AND INDS LTD,TL,11440,1000000,1,5899230,Paid,2005,20-Apr-19,BHARATIYA JANATA PARTY,*******8244,1000000,691,2039265
77,1.20E+18,12-Apr-19,12-Apr-19,26-Apr-19,ESSEL MINING AND INDS LTD,TL,11437,1000000,1,5899230,Paid,2006,20-Apr-19,BHARATIYA JANATA PARTY,*******8244,1000000,691,2039265
78,1.20E+18,12-Apr-19,12-Apr-19,26-Apr-19,ESSEL MINING AND INDS LTD,TL,11439,1000000,1,5899230,Paid,2007,20-Apr-19,BHARATIYA JANATA PARTY,*******8244,1000000,691,2039265
79,1.20E+18,12-Apr-19,12-Apr-19,26-Apr-19,ESSEL MINING AND INDS LTD,TL,11445,1000000,1,5899230,Paid,2008,20-Apr-19,BHARATIYA JANATA PARTY,*******8244,1000000,691,2039265
80,1.20E+18,12-Apr-19,12-Apr-19,26-Apr-19,ESSEL MINING AND INDS LTD,TL,11438,1000000,1,5899230,Paid,2009,20-Apr-19,BHARATIYA JANATA PARTY,*******8244,1000000,691,2039265
81,1.20E+18,12-Apr-19,12-Apr-19,26-Apr-19,ESSEL MINING AND INDS LTD,TL,11432,1000000,1,5899230,Paid,2010,20-Apr-19,BHARATIYA JANATA PARTY,*******8244,1000000,691,2039265
82,1.20E+18,12-Apr-19,12-Apr-19,26-Apr-19,ESSEL MINING AND INDS LTD,TL,11444,1000000,1,5899230,Paid,2011,20-Apr-19,BHARATIYA JANATA PARTY,*******8244,1000000,691,2039265
83,1.20E+18,12-Apr-19,12-Apr-19,26-Apr-19,ESSEL MINING AND INDS LTD,TL,11443,1000000,1,5899230,Paid,2012,20-Apr-19,BHARATIYA JANATA PARTY,*******8244,1000000,691,2039265
84,1.20E+18,12-Apr-19,12-Apr-19,26-Apr-19,ESSEL MINING AND INDS LTD,TL,11446,1000000,1,5899230,Paid,2013,20-Apr-19,BHARATIYA JANATA PARTY,*******8244,1000000,691,2039265
85,1.20E+18,12-Apr-19,12-Apr-19,26-Apr-19,ESSEL MINING AND INDS LTD,TL,11442,1000000,1,5899230,Paid,2014,20-Apr-19,BHARATIYA JANATA PARTY,*******8244,1000000,691,2039265
86,3.00E+20,12-Apr-19,12-Apr-19,26-Apr-19,GRASIM INDUSTRIES LTD,OC,7045,10000000,300,4180496,Paid,1777,20-Apr-19,BHARATIYA JANATA PARTY,*******8244,10000000,691,2039265
87,3.00E+20,12-Apr-19,12-Apr-19,26-Apr-19,GRASIM INDUSTRIES LTD,OC,7041,10000000,300,4180496,Paid,1778,20-Apr-19,BHARATIYA JANATA PARTY,*******8244,10000000,691,2039265
88,3.00E+20,12-Apr-19,12-Apr-19,26-Apr-19,GRASIM INDUSTRIES LTD,OC,7025,10000000,300,4180496,Paid,1779,20-Apr-19,BHARATIYA JANATA PARTY,*******8244,10000000,691,2039265
89,3.00E+20,12-Apr-19,12-Apr-19,26-Apr-19,GRASIM INDUSTRIES LTD,OC,7051,10000000,300,4180496,Paid,1780,20-Apr-19,BHARATIYA JANATA PARTY,*******8244,10000000,691,2039265
90,3.00E+20,12-Apr-19,12-Apr-19,26-Apr-19,GRASIM INDUSTRIES LTD,OC,7035,10000000,300,4180496,Paid,1781,20-Apr-19,BHARATIYA JANATA PARTY,*******8244,10000000,691,2039265
91,3.00E+20,12-Apr-19,12-Apr-19,26-Apr-19,GRASIM INDUSTRIES LTD,OC,7059,10000000,300,4180496,Paid,1782,20-Apr-19,BHARATIYA JANATA PARTY,*******8244,10000000,691,2039265
92,3.00E+20,12-Apr-19,12-Apr-19,26-Apr-19,GRASIM INDUSTRIES LTD,OC,7037,10000000,300,4180496,Paid,1783,20-Apr-19,BHARATIYA JANATA PARTY,*******8244,10000000,691,2039265
93,3.00E+20,12-Apr-19,12-Apr-19,26-Apr-19,GRASIM INDUSTRIES LTD,OC,7033,10000000,300,4180496,Paid,1784,20-Apr-19,BHARATIYA JANATA PARTY,*******8244,10000000,691,2039265
94,3.00E+20,12-Apr-19,12-Apr-19,26-Apr-19,GRASIM INDUSTRIES LTD,OC,7053,10000000,300,4180496,Paid,1785,20-Apr-19,BHARATIYA JANATA PARTY,*******8244,10000000,691,2039265
95,3.00E+20,12-Apr-19,12-Apr-19,26-Apr-19,GRASIM INDUSTRIES LTD,OC,7061,10000000,300,4180496,Paid,1786,20-Apr-19,BHARATIYA JANATA PARTY,*******8244,10000000,691,2039265
96,3.00E+20,12-Apr-19,12-Apr-19,26-Apr-19,GRASIM INDUSTRIES LTD,OC,7029,10000000,300,4180496,Paid,1787,20-Apr-19,BHARATIYA JANATA PARTY,*******8244,10000000,691,2039265
97,3.00E+20,12-Apr-19,12-Apr-19,26-Apr-19,GRASIM INDUSTRIES LTD,OC,7049,10000000,300,4180496,Paid,1788,20-Apr-19,BHARATIYA JANATA PARTY,*******8244,10000000,691,2039265
98,3.00E+20,12-Apr-19,12-Apr-19,26-Apr-19,GRASIM INDUSTRIES LTD,OC,7057,10000000,300,4180496,Paid,1789,20-Apr-19,BHARATIYA JANATA PARTY,*******8244,10000000,691,2039265
99,3.00E+20,12-Apr-19,12-Apr-19,26-Apr-19,GRASIM INDUSTRIES LTD,OC,7043,10000000,300,4180496,Paid,1790,20-Apr-19,BHARATIYA JANATA PARTY,*******8244,10000000,691,2039265
100,3.00E+20,12-Apr-19,12-Apr-19,26-Apr-19,GRASIM INDUSTRIES LTD,OC,7039,10000000,300,4180496,Paid,1791,20-Apr-19,BHARATIYA JANATA PARTY,*******8244,10000000,691,2039265
101,3.00E+20,12-Apr-19,12-Apr-19,26-Apr-19,GRASIM INDUSTRIES LTD,OC,7047,10000000,300,4180496,Paid,1792,20-Apr-19,BHARATIYA JANATA PARTY,*******8244,10000000,691,2039265
102,3.00E+20,12-Apr-19,12-Apr-19,26-Apr-19,GRASIM INDUSTRIES LTD,OC,7027,10000000,300,4180496,Paid,1793,20-Apr-19,BHARATIYA JANATA PARTY,*******8244,10000000,691,2039265
103,3.00E+20,12-Apr-19,12-Apr-19,26-Apr-19,GRASIM INDUSTRIES LTD,OC,7055,10000000,300,4180496,Paid,1794,20-Apr-19,BHARATIYA JANATA PARTY,*******8244,10000000,691,2039265
104,3.00E+20,12-Apr-19,12-Apr-19,26-Apr-19,GRASIM INDUSTRIES LTD,OC,7031,10000000,300,4180496,Paid,1795,20-Apr-19,BHARATIYA JANATA PARTY,*******8244,10000000,691,2039265
105,3.00E+20,12-Apr-19,12-Apr-19,26-Apr-19,GRASIM INDUSTRIES LTD,OC,7023,10000000,300,4180496,Paid,1796,20-Apr-19,BHARATIYA JANATA PARTY,*******8244,10000000,691,2039265
106,5.09E+20,12-Apr-19,12-Apr-19,26-Apr-19,HIGHSTREET CRUISES AND ENTERTAINMENT PVT  LTD,TL,3410,1000000,509,7315678,Paid,2769,25-Apr-19,BHARATIYA JANATA PARTY,*******8244,1000000,691,3300196
107,5.09E+20,12-Apr-19,12-Apr-19,26-Apr-19,HIGHSTREET CRUISES AND ENTERTAINMENT PVT  LTD,TL,3407,1000000,509,7315678,Paid,2770,25-Apr-19,BHARATIYA JANATA PARTY,*******8244,1000000,691,3300196
108,5.09E+20,12-Apr-19,12-Apr-19,26-Apr-19,HIGHSTREET CRUISES AND ENTERTAINMENT PVT  LTD,TL,3412,1000000,509,7315678,Paid,2771,25-Apr-19,BHARATIYA JANATA PARTY,*******8244,1000000,691,3300196
109,1.20E+18,12-Apr-19,12-Apr-19,26-Apr-19,INNOCENT MERCHANDISE PVT LTD,TL,11557,1000000,1,5899230,Paid,2251,22-Apr-19,ALL INDIA TRINAMOOL CONGRESS,*******0688,1000000,1,3476510
110,1.20E+18,12-Apr-19,12-Apr-19,26-Apr-19,INNOCENT MERCHANDISE PVT LTD,TL,11558,1000000,1,5899230,Paid,2252,22-Apr-19,ALL INDIA TRINAMOOL CONGRESS,*******0688,1000000,1,3476510
111,1.20E+18,12-Apr-19,12-Apr-19,26-Apr-19,INNOCENT MERCHANDISE PVT LTD,OL,1133,100000,1,5899230,Paid,2263,22-Apr-19,ALL INDIA TRINAMOOL CONGRESS,*******0688,100000,1,3476510
112,1.20E+18,12-Apr-19,12-Apr-19,26-Apr-19,INNOCENT MERCHANDISE PVT LTD,OL,1127,100000,1,5899230,Paid,2264,22-Apr-19,ALL INDIA TRINAMOOL CONGRESS,*******0688,100000,1,3476510
113,1.20E+18,12-Apr-19,12-Apr-19,26-Apr-19,INNOCENT MERCHANDISE PVT LTD,OL,1131,100000,1,5899230,Paid,2265,22-Apr-19,ALL INDIA TRINAMOOL CONGRESS,*******0688,100000,1,3476510
114,1.20E+18,12-Apr-19,12-Apr-19,26-Apr-19,INNOCENT MERCHANDISE PVT LTD,OL,1130,100000,1,5899230,Paid,2266,22-Apr-19,ALL INDIA TRINAMOOL CONGRESS,*******0688,100000,1,3476510
115,1.20E+18,12-Apr-19,12-Apr-19,26-Apr-19,INNOCENT MERCHANDISE PVT LTD,OL,1132,100000,1,5899230,Paid,2267,22-Apr-19,ALL INDIA TRINAMOOL CONGRESS,*******0688,100000,1,3476510
116,7.82E+19,12-Apr-19,12-Apr-19,26-Apr-19,KAMLANG SAW & VENEER MILLS PVT LTD,TL,2344,1000000,78,7601204,Paid,2571,23-Apr-19,BHARATIYA JANATA PARTY,*******8244,1000000,691,3300196
117,7.82E+19,12-Apr-19,12-Apr-19,26-Apr-19,KAMLANG SAW & VENEER MILLS PVT LTD,TL,2341,1000000,78,7601204,Paid,2572,23-Apr-19,BHARATIYA JANATA PARTY,*******8244,1000000,691,3300196
118,8.47E+20,12-Apr-19,12-Apr-19,26-Apr-19,MEGHA ENGINEERING AND INFRASTRUCTURES LI MITED,OC,5485,10000000,847,8424020,Paid,862,16-Apr-19,BHARATIYA JANATA PARTY,*******8244,10000000,691,4567455
119,8.47E+20,12-Apr-19,12-Apr-19,26-Apr-19,MEGHA ENGINEERING AND INFRASTRUCTURES LI MITED,OC,5465,10000000,847,8424020,Paid,863,16-Apr-19,BHARATIYA JANATA PARTY,*******8244,10000000,691,4567455
120,8.47E+20,12-Apr-19,12-Apr-19,26-Apr-19,MEGHA ENGINEERING AND INFRASTRUCTURES LI MITED,OC,5497,10000000,847,8424020,Paid,864,16-Apr-19,BHARATIYA JANATA PARTY,*******8244,10000000,691,4567455
121,8.47E+20,12-Apr-19,12-Apr-19,26-Apr-19,MEGHA ENGINEERING AND INFRASTRUCTURES LI MITED,OC,5510,10000000,847,8424020,Paid,865,16-Apr-19,BHARATIYA JANATA PARTY,*******8244,10000000,691,4567455
122,8.47E+20,12-Apr-19,12-Apr-19,26-Apr-19,MEGHA ENGINEERING AND INFRASTRUCTURES LI MITED,OC,5484,10000000,847,8424020,Paid,866,16-Apr-19,BHARATIYA JANATA PARTY,*******8244,10000000,691,4567455
123,8.47E+20,12-Apr-19,12-Apr-19,26-Apr-19,MEGHA ENGINEERING AND INFRASTRUCTURES LI MITED,OC,5522,10000000,847,8424020,Paid,1309,18-Apr-19,BHARATIYA JANATA PARTY,*******8244,10000000,691,3771431
124,8.47E+20,12-Apr-19,12-Apr-19,26-Apr-19,MEGHA ENGINEERING AND INFRASTRUCTURES LI MITED,OC,5490,10000000,847,8424020,Paid,867,16-Apr-19,BHARATIYA JANATA PARTY,*******8244,10000000,691,4567455
125,8.47E+20,12-Apr-19,12-Apr-19,26-Apr-19,MEGHA ENGINEERING AND INFRASTRUCTURES LI MITED,OC,5496,10000000,847,8424020,Paid,868,16-Apr-19,BHARATIYA JANATA PARTY,*******8244,10000000,691,4567455
126,8.47E+20,12-Apr-19,12-Apr-19,26-Apr-19,MEGHA ENGINEERING AND INFRASTRUCTURES LI MITED,OC,5456,10000000,847,8424020,Paid,869,16-Apr-19,BHARATIYA JANATA PARTY,*******8244,10000000,691,4567455
127,8.47E+20,12-Apr-19,12-Apr-19,26-Apr-19,MEGHA ENGINEERING AND INFRASTRUCTURES LI MITED,OC,5469,10000000,847,8424020,Paid,870,16-Apr-19,BHARATIYA JANATA PARTY,*******8244,10000000,691,4567455
128,8.47E+20,12-Apr-19,12-Apr-19,26-Apr-19,MEGHA ENGINEERING AND INFRASTRUCTURES LI MITED,OC,5495,10000000,847,8424020,Paid,871,16-Apr-19,BHARATIYA JANATA PARTY,*******8244,10000000,691,4567455
129,8.47E+20,12-Apr-19,12-Apr-19,26-Apr-19,MEGHA ENGINEERING AND INFRASTRUCTURES LI MITED,OC,5503,10000000,847,8424020,Paid,872,16-Apr-19,BHARATIYA JANATA PARTY,*******8244,10000000,691,4567455
130,8.47E+20,12-Apr-19,12-Apr-19,26-Apr-19,MEGHA ENGINEERING AND INFRASTRUCTURES LI MITED,OC,5486,10000000,847,8424020,Paid,873,16-Apr-19,BHARATIYA JANATA PARTY,*******8244,10000000,691,4567455
131,8.47E+20,12-Apr-19,12-Apr-19,26-Apr-19,MEGHA ENGINEERING AND INFRASTRUCTURES LI MITED,OC,5482,10000000,847,8424020,Paid,874,16-Apr-19,BHARATIYA JANATA PARTY,*******8244,10000000,691,4567455
132,8.47E+20,12-Apr-19,12-Apr-19,26-Apr-19,MEGHA ENGINEERING AND INFRASTRUCTURES LI MITED,OC,5502,10000000,847,8424020,Paid,875,16-Apr-19,BHARATIYA JANATA PARTY,*******8244,10000000,691,4567455
133,8.47E+20,12-Apr-19,12-Apr-19,26-Apr-19,MEGHA ENGINEERING AND INFRASTRUCTURES LI MITED,OC,5500,10000000,847,8424020,Paid,876,16-Apr-19,BHARATIYA JANATA PARTY,*******8244,10000000,691,4567455
134,8.47E+20,12-Apr-19,12-Apr-19,26-Apr-19,MEGHA ENGINEERING AND INFRASTRUCTURES LI MITED,OC,5483,10000000,847,8424020,Paid,877,16-Apr-19,BHARATIYA JANATA PARTY,*******8244,10000000,691,4567455
135,8.47E+20,12-Apr-19,12-Apr-19,26-Apr-19,MEGHA ENGINEERING AND INFRASTRUCTURES LI MITED,OC,5479,10000000,847,8424020,Paid,878,16-Apr-19,BHARATIYA JANATA PARTY,*******8244,10000000,691,4567455
136,8.47E+20,12-Apr-19,12-Apr-19,26-Apr-19,MEGHA ENGINEERING AND INFRASTRUCTURES LI MITED,OC,5473,10000000,847,8424020,Paid,879,16-Apr-19,BHARATIYA JANATA PARTY,*******8244,10000000,691,4567455
137,8.47E+20,12-Apr-19,12-Apr-19,26-Apr-19,MEGHA ENGINEERING AND INFRASTRUCTURES LI MITED,OC,5518,10000000,847,8424020,Paid,880,16-Apr-19,BHARATIYA JANATA PARTY,*******8244,10000000,691,4567455
138,8.47E+20,12-Apr-19,12-Apr-19,26-Apr-19,MEGHA ENGINEERING AND INFRASTRUCTURES LI MITED,OC,5476,10000000,847,8424020,Paid,881,16-Apr-19,BHARATIYA JANATA PARTY,*******8244,10000000,691,4567455
139,8.47E+20,12-Apr-19,12-Apr-19,26-Apr-19,MEGHA ENGINEERING AND INFRASTRUCTURES LI MITED,OC,5501,10000000,847,8424020,Paid,882,16-Apr-19,BHARATIYA JANATA PARTY,*******8244,10000000,691,4567455
140,8.47E+20,12-Apr-19,12-Apr-19,26-Apr-19,MEGHA ENGINEERING AND INFRASTRUCTURES LI MITED,OC,5489,10000000,847,8424020,Paid,883,16-Apr-19,BHARATIYA JANATA PARTY,*******8244,10000000,691,4567455
141,8.47E+20,12-Apr-19,12-Apr-19,26-Apr-19,MEGHA ENGINEERING AND INFRASTRUCTURES LI MITED,OC,5487,10000000,847,8424020,Paid,884,16-Apr-19,BHARATIYA JANATA PARTY,*******8244,10000000,691,4567455
142,8.47E+20,12-Apr-19,12-Apr-19,26-Apr-19,MEGHA ENGINEERING AND INFRASTRUCTURES LI MITED,OC,5499,10000000,847,8424020,Paid,885,16-Apr-19,BHARATIYA JANATA PARTY,*******8244,10000000,691,4567455
143,8.47E+20,12-Apr-19,12-Apr-19,26-Apr-19,MEGHA ENGINEERING AND INFRASTRUCTURES LI MITED,OC,5452,10000000,847,8424020,Paid,886,16-Apr-19,BHARATIYA JANATA PARTY,*******8244,10000000,691,4567455
144,8.47E+20,12-Apr-19,12-Apr-19,26-Apr-19,MEGHA ENGINEERING AND INFRASTRUCTURES LI MITED,OC,5480,10000000,847,8424020,Paid,887,16-Apr-19,BHARATIYA JANATA PARTY,*******8244,10000000,691,4567455
145,8.47E+20,12-Apr-19,12-Apr-19,26-Apr-19,MEGHA ENGINEERING AND INFRASTRUCTURES LI MITED,OC,5494,10000000,847,8424020,Paid,888,16-Apr-19,BHARATIYA JANATA PARTY,*******8244,10000000,691,4567455
146,8.47E+20,12-Apr-19,12-Apr-19,26-Apr-19,MEGHA ENGINEERING AND INFRASTRUCTURES LI MITED,OC,5516,10000000,847,8424020,Paid,889,16-Apr-19,BHARATIYA JANATA PARTY,*******8244,10000000,691,4567455
147,8.47E+20,12-Apr-19,12-Apr-19,26-Apr-19,MEGHA ENGINEERING AND INFRASTRUCTURES LI MITED,OC,5520,10000000,847,8424020,Paid,1310,18-Apr-19,BHARATIYA JANATA PARTY,*******8244,10000000,691,3771431
148,8.47E+20,12-Apr-19,12-Apr-19,26-Apr-19,MEGHA ENGINEERING AND INFRASTRUCTURES LI MITED,OC,5506,10000000,847,8424020,Paid,890,16-Apr-19,BHARATIYA JANATA PARTY,*******8244,10000000,691,4567455
149,8.47E+20,12-Apr-19,12-Apr-19,26-Apr-19,MEGHA ENGINEERING AND INFRASTRUCTURES LI MITED,OC,5511,10000000,847,8424020,Paid,891,16-Apr-19,BHARATIYA JANATA PARTY,*******8244,10000000,691,4567455
150,8.47E+20,12-Apr-19,12-Apr-19,26-Apr-19,MEGHA ENGINEERING AND INFRASTRUCTURES LI MITED,OC,5507,10000000,847,8424020,Paid,892,16-Apr-19,BHARATIYA JANATA PARTY,*******8244,10000000,691,4567455
151,8.47E+20,12-Apr-19,12-Apr-19,26-Apr-19,MEGHA ENGINEERING AND INFRASTRUCTURES LI MITED,OC,5505,10000000,847,8424020,Paid,893,16-Apr-19,BHARATIYA JANATA PARTY,*******8244,10000000,691,4567455
152,8.47E+20,12-Apr-19,12-Apr-19,26-Apr-19,MEGHA ENGINEERING AND INFRASTRUCTURES LI MITED,OC,5512,10000000,847,8424020,Paid,1311,18-Apr-19,BHARATIYA JANATA PARTY,*******8244,10000000,691,3771431
153,8.47E+20,12-Apr-19,12-Apr-19,26-Apr-19,MEGHA ENGINEERING AND INFRASTRUCTURES LI MITED,OC,5504,10000000,847,8424020,Paid,894,16-Apr-19,BHARATIYA JANATA PARTY,*******8244,10000000,691,4567455
154,8.47E+20,12-Apr-19,12-Apr-19,26-Apr-19,MEGHA ENGINEERING AND INFRASTRUCTURES LI MITED,OC,5508,10000000,847,8424020,Paid,895,16-Apr-19,BHARATIYA JANATA PARTY,*******8244,10000000,691,4567455
155,8.47E+20,12-Apr-19,12-Apr-19,26-Apr-19,MEGHA ENGINEERING AND INFRASTRUCTURES LI MITED,OC,5493,10000000,847,8424020,Paid,896,16-Apr-19,BHARATIYA JANATA PARTY,*******8244,10000000,691,4567455
156,8.47E+20,12-Apr-19,12-Apr-19,26-Apr-19,MEGHA ENGINEERING AND INFRASTRUCTURES LI MITED,OC,5514,10000000,847,8424020,Paid,897,16-Apr-19,BHARATIYA JANATA PARTY,*******8244,10000000,691,4567455
157,8.47E+20,12-Apr-19,12-Apr-19,26-Apr-19,MEGHA ENGINEERING AND INFRASTRUCTURES LI MITED,OC,5478,10000000,847,8424020,Paid,898,16-Apr-19,BHARATIYA JANATA PARTY,*******8244,10000000,691,4567455
158,8.47E+20,12-Apr-19,12-Apr-19,26-Apr-19,MEGHA ENGINEERING AND INFRASTRUCTURES LI MITED,OC,5498,10000000,847,8424020,Paid,899,16-Apr-19,BHARATIYA JANATA PARTY,*******8244,10000000,691,4567455
159,8.47E+20,12-Apr-19,12-Apr-19,26-Apr-19,MEGHA ENGINEERING AND INFRASTRUCTURES LI MITED,OC,5524,10000000,847,8424020,Paid,1312,18-Apr-19,BHARATIYA JANATA PARTY,*******8244,10000000,691,3771431
160,8.47E+20,12-Apr-19,12-Apr-19,26-Apr-19,MEGHA ENGINEERING AND INFRASTRUCTURES LI MITED,OC,5488,10000000,847,8424020,Paid,900,16-Apr-19,BHARATIYA JANATA PARTY,*******8244,10000000,691,4567455
161,8.47E+20,12-Apr-19,12-Apr-19,26-Apr-19,MEGHA ENGINEERING AND INFRASTRUCTURES LI MITED,OC,5477,10000000,847,8424020,Paid,901,16-Apr-19,BHARATIYA JANATA PARTY,*******8244,10000000,691,4567455
162,8.47E+20,12-Apr-19,12-Apr-19,26-Apr-19,MEGHA ENGINEERING AND INFRASTRUCTURES LI MITED,OC,5492,10000000,847,8424020,Paid,902,16-Apr-19,BHARATIYA JANATA PARTY,*******8244,10000000,691,4567455
163,8.47E+20,12-Apr-19,12-Apr-19,26-Apr-19,MEGHA ENGINEERING AND INFRASTRUCTURES LI MITED,OC,5491,10000000,847,8424020,Paid,903,16-Apr-19,BHARATIYA JANATA PARTY,*******8244,10000000,691,4567455
164,8.47E+20,12-Apr-19,12-Apr-19,26-Apr-19,MEGHA ENGINEERING AND INFRASTRUCTURES LI MITED,OC,5513,10000000,847,8424020,Paid,904,16-Apr-19,BHARATIYA JANATA PARTY,*******8244,10000000,691,4567455
165,8.47E+20,12-Apr-19,12-Apr-19,26-Apr-19,MEGHA ENGINEERING AND INFRASTRUCTURES LI MITED,OC,5461,10000000,847,8424020,Paid,1313,18-Apr-19,BHARATIYA JANATA PARTY,*******8244,10000000,691,3771431
166,8.47E+20,12-Apr-19,12-Apr-19,26-Apr-19,MEGHA ENGINEERING AND INFRASTRUCTURES LI MITED,OC,5509,10000000,847,8424020,Paid,905,16-Apr-19,BHARATIYA JANATA PARTY,*******8244,10000000,691,4567455
167,8.47E+20,12-Apr-19,12-Apr-19,26-Apr-19,MEGHA ENGINEERING AND INFRASTRUCTURES LI MITED,OC,5481,10000000,847,8424020,Paid,906,16-Apr-19,BHARATIYA JANATA PARTY,*******8244,10000000,691,4567455
168,1.20E+18,12-Apr-19,12-Apr-19,26-Apr-19,MERLIN RECREATION PVT LTD,TL,11450,1000000,1,5899230,Paid,2247,22-Apr-19,ALL INDIA TRINAMOOL CONGRESS,*******0688,1000000,1,3476510
169,1.20E+18,12-Apr-19,12-Apr-19,26-Apr-19,MERLIN RECREATION PVT LTD,TL,11449,1000000,1,5899230,Paid,2248,22-Apr-19,ALL INDIA TRINAMOOL CONGRESS,*******0688,1000000,1,3476510
170,1.20E+18,12-Apr-19,12-Apr-19,26-Apr-19,MERLIN RECREATION PVT LTD,OL,1121,100000,1,5899230,Paid,2253,22-Apr-19,ALL INDIA TRINAMOOL CONGRESS,*******0688,100000,1,3476510
171,1.20E+18,12-Apr-19,12-Apr-19,26-Apr-19,MERLIN RECREATION PVT LTD,OL,1120,100000,1,5899230,Paid,2254,22-Apr-19,ALL INDIA TRINAMOOL CONGRESS,*******0688,100000,1,3476510
172,1.20E+18,12-Apr-19,12-Apr-19,26-Apr-19,MERLIN RECREATION PVT LTD,OL,1123,100000,1,5899230,Paid,2255,22-Apr-19,ALL INDIA TRINAMOOL CONGRESS,*******0688,100000,1,3476510
173,1.20E+18,12-Apr-19,12-Apr-19,26-Apr-19,MERLIN RECREATION PVT LTD,OL,1116,100000,1,5899230,Paid,2256,22-Apr-19,ALL INDIA TRINAMOOL CONGRESS,*******0688,100000,1,3476510
174,1.20E+18,12-Apr-19,12-Apr-19,26-Apr-19,MERLIN RECREATION PVT LTD,OL,1122,100000,1,5899230,Paid,2257,22-Apr-19,ALL INDIA TRINAMOOL CONGRESS,*******0688,100000,1,3476510
175,8.13E+20,12-Apr-19,12-Apr-19,26-Apr-19,MSPL LTD,OC,588,10000000,813,5144485,Paid,1308,18-Apr-19,BHARATIYA JANATA PARTY,*******8244,10000000,691,3771431
176,7.82E+19,12-Apr-19,12-Apr-19,26-Apr-19,MYRIAD DEVELOPERS,TL,2357,1000000,78,7601204,Paid,2574,23-Apr-19,BHARATIYA JANATA PARTY,*******8244,1000000,691,3300196
177,7.82E+19,12-Apr-19,12-Apr-19,26-Apr-19,MYRIAD DEVELOPERS,OL,10036,100000,78,7601204,Paid,2686,23-Apr-19,BHARATIYA JANATA PARTY,*******8244,100000,691,3300196
178,7.82E+19,12-Apr-19,12-Apr-19,26-Apr-19,MYRIAD DEVELOPERS,OL,10032,100000,78,7601204,Paid,2687,23-Apr-19,BHARATIYA JANATA PARTY,*******8244,100000,691,3300196
179,7.82E+19,12-Apr-19,12-Apr-19,26-Apr-19,MYRIAD DEVELOPERS,OL,10038,100000,78,7601204,Paid,2688,23-Apr-19,BHARATIYA JANATA PARTY,*******8244,100000,691,3300196
180,7.82E+19,12-Apr-19,12-Apr-19,26-Apr-19,MYRIAD DEVELOPERS,OL,10034,100000,78,7601204,Paid,2689,23-Apr-19,BHARATIYA JANATA PARTY,*******8244,100000,691,3300196
181,7.82E+19,12-Apr-19,12-Apr-19,26-Apr-19,MYRIAD DEVELOPERS,OL,10030,100000,78,7601204,Paid,2690,23-Apr-19,BHARATIYA JANATA PARTY,*******8244,100000,691,3300196
182,3.00E+20,12-Apr-19,12-Apr-19,26-Apr-19,OMKAR VENTURES PVT LTD,OC,7070,10000000,300,4180496,Paid,1807,20-Apr-19,BHARATIYA JANATA PARTY,*******8244,10000000,691,2039265
183,3.00E+20,12-Apr-19,12-Apr-19,26-Apr-19,OMKAR VENTURES PVT LTD,OC,7066,10000000,300,4180496,Paid,1808,20-Apr-19,BHARATIYA JANATA PARTY,*******8244,10000000,691,2039265
184,3.00E+20,12-Apr-19,12-Apr-19,26-Apr-19,OMKAR VENTURES PVT LTD,OC,7068,10000000,300,4180496,Paid,1809,20-Apr-19,BHARATIYA JANATA PARTY,*******8244,10000000,691,2039265
185,3.00E+20,12-Apr-19,12-Apr-19,26-Apr-19,OMKAR VENTURES PVT LTD,OC,7064,10000000,300,4180496,Paid,1810,20-Apr-19,BHARATIYA JANATA PARTY,*******8244,10000000,691,2039265
186,1.36E+21,12-Apr-19,12-Apr-19,26-Apr-19,PATEL HIGHWAY MANAGEMENT PVT LTD,OC,2855,10000000,1355,5137969,Paid,1314,18-Apr-19,BHARATIYA JANATA PARTY,*******8244,10000000,691,2511282
187,3.00E+20,12-Apr-19,12-Apr-19,26-Apr-19,PHL FINIVEST PVT LTD,OC,7018,10000000,300,4180496,Paid,1195,18-Apr-19,BHARATIYA JANATA PARTY,*******8244,10000000,691,5189071
188,3.00E+20,12-Apr-19,12-Apr-19,26-Apr-19,PHL FINIVEST PVT LTD,OC,7052,10000000,300,4180496,Paid,1196,18-Apr-19,BHARATIYA JANATA PARTY,*******8244,10000000,691,5189071
189,3.00E+20,12-Apr-19,12-Apr-19,26-Apr-19,PHL FINIVEST PVT LTD,OC,6678,10000000,300,4180496,Paid,1197,18-Apr-19,BHARATIYA JANATA PARTY,*******8244,10000000,691,5189071
190,3.00E+20,12-Apr-19,12-Apr-19,26-Apr-19,PHL FINIVEST PVT LTD,OC,6684,10000000,300,4180496,Paid,1198,18-Apr-19,BHARATIYA JANATA PARTY,*******8244,10000000,691,5189071
191,3.00E+20,12-Apr-19,12-Apr-19,26-Apr-19,PHL FINIVEST PVT LTD,OC,7002,10000000,300,4180496,Paid,1199,18-Apr-19,BHARATIYA JANATA PARTY,*******8244,10000000,691,5189071
192,3.00E+20,12-Apr-19,12-Apr-19,26-Apr-19,PHL FINIVEST PVT LTD,OC,7048,10000000,300,4180496,Paid,1200,18-Apr-19,BHARATIYA JANATA PARTY,*******8244,10000000,691,5189071
193,3.00E+20,12-Apr-19,12-Apr-19,26-Apr-19,PHL FINIVEST PVT LTD,OC,7020,10000000,300,4180496,Paid,1201,18-Apr-19,BHARATIYA JANATA PARTY,*******8244,10000000,691,5189071
194,3.00E+20,12-Apr-19,12-Apr-19,26-Apr-19,PHL FINIVEST PVT LTD,OC,7008,10000000,300,4180496,Paid,1202,18-Apr-19,BHARATIYA JANATA PARTY,*******8244,10000000,691,5189071
195,3.00E+20,12-Apr-19,12-Apr-19,26-Apr-19,PHL FINIVEST PVT LTD,OC,6694,10000000,300,4180496,Paid,1203,18-Apr-19,BHARATIYA JANATA PARTY,*******8244,10000000,691,5189071
196,3.00E+20,12-Apr-19,12-Apr-19,26-Apr-19,PHL FINIVEST PVT LTD,OC,7024,10000000,300,4180496,Paid,1204,18-Apr-19,BHARATIYA JANATA PARTY,*******8244,10000000,691,5189071
197,3.00E+20,12-Apr-19,12-Apr-19,26-Apr-19,PHL FINIVEST PVT LTD,OC,7006,10000000,300,4180496,Paid,1205,18-Apr-19,BHARATIYA JANATA PARTY,*******8244,10000000,691,5189071
198,3.00E+20,12-Apr-19,12-Apr-19,26-Apr-19,PHL FINIVEST PVT LTD,OC,7026,10000000,300,4180496,Paid,1206,18-Apr-19,BHARATIYA JANATA PARTY,*******8244,10000000,691,5189071
199,3.00E+20,12-Apr-19,12-Apr-19,26-Apr-19,PHL FINIVEST PVT LTD,OC,7028,10000000,300,4180496,Paid,1207,18-Apr-19,BHARATIYA JANATA PARTY,*******8244,10000000,691,5189071
